position,query_aa,top_aa,conservation_score,n_seqs
1,M,M,1.0000,246
2,W,C,0.4309,246
3,K,K,0.5944,249
4,W,W,0.9880,251
5,I,T,0.3333,249
6,L,L,0.5657,251
7,T,T,0.7590,249
8,H,Q,0.2500,244
9,C,G,0.5677,229
10,A,A,0.6157,229
11,S,S,0.4167,240
12,A,A,0.4795,244
13,F,L,0.2510,243
14,P,S,0.2290,214
15,H,H,0.3705,224
16,L,L,0.5212,236
17,P,P,0.4492,236
18,G,G,0.1616,229
19,C,L,0.3011,269
20,C,C,0.2149,242
21,C,S,0.1901,263
22,C,L,0.2390,272
23,C,C,0.2070,285
24,F,L,0.2805,303
25,L,L,0.3811,307
26,L,L,0.4542,306
27,L,L,0.4459,305
28,F,L,0.3746,307
29,L,L,0.5879,313
30,V,V,0.3587,315
31,S,S,0.2665,319
32,S,S,0.3406,320
33,V,L,0.4065,337
34,P,P,0.2802,339
35,V,V,0.2543,346
36,T,A,0.3009,349
37,C,C,0.4286,350
38,Q,N,0.1780,354
39,A,D,0.2507,355
40,L,L,0.2000,350
41,G,G,0.2119,354
42,Q,R,0.2188,361
43,D,D,0.1625,363
44,M,S,0.1456,371
45,V,R,0.2056,394
46,S,S,0.2428,416
47,P,P,0.3495,392
48,E,S,0.2387,398
49,A,A,0.3162,408
50,T,T,0.2725,411
51,N,N,0.2729,414
52,S,S,0.4106,414
53,S,S,0.5207,434
54,S,S,0.5338,429
55,S,S,0.4944,447
56,S,S,0.4101,473
57,F,S,0.2624,465
58,S,S,0.3051,495
59,S,S,0.2834,547
60,P,P,0.2273,629
61,S,S,0.3659,686
62,S,S,0.2742,766
63,A,A,0.2543,881
64,G,G,0.3118,975
65,R,R,0.6060,1094
66,H,H,0.2588,1132
67,V,P,0.2268,1217
68,R,R,0.5726,1308
69,S,S,0.4264,1386
70,Y,Y,0.3734,1430
71,N,D,0.1981,1545
72,H,H,0.3560,1680
73,L,L,0.5429,1759
74,Q,E,0.1981,1767
75,G,G,0.6106,1800
76,D,I,0.2164,1825
77,V,V,0.3367,2002
78,R,R,0.6633,2103
79,W,R,0.2440,2135
80,R,R,0.4686,2339
81,K,R,0.4189,2502
82,L,L,0.7520,2605
83,F,Y,0.5489,2609
84,S,C,0.3605,2624
85,F,R,0.2408,2625
86,T,T,0.2487,2658
87,K,G,0.4038,2660
88,Y,F,0.1967,2659
89,F,F,0.1888,2659
90,L,L,0.3685,2665
91,K,L,0.2166,2664
92,I,I,0.2679,2695
93,E,I,0.1826,2700
94,K,P,0.1573,2696
95,N,L,0.1559,2701
96,G,G,0.3553,2682
97,K,G,0.2463,2680
98,V,V,0.2728,2709
99,S,V,0.1623,2717
100,G,G,0.3869,2732
101,T,T,0.3162,2736
102,K,G,0.2022,2735
103,K,R,0.1290,2721
104,E,D,0.1792,2740
105,N,D,0.1539,2671
106,C,S,0.1899,2717
107,P,P,0.1780,2663
108,Y,Y,0.1057,2506
109,S,S,0.2000,2765
110,I,I,0.2346,2792
111,L,L,0.2553,2844
112,E,L,0.2737,2850
113,I,L,0.2280,2833
114,T,L,0.1804,2860
115,S,S,0.2402,2873
116,V,V,0.2594,2864
117,E,V,0.1444,2868
118,I,V,0.2826,2866
119,G,G,0.2845,2875
120,V,G,0.2308,2872
121,V,V,0.4040,2869
122,A,V,0.3200,2866
123,V,I,0.3215,2871
124,K,I,0.2005,2878
125,A,G,0.2519,2878
126,I,V,0.2211,2872
127,N,G,0.1996,2876
128,S,S,0.2211,2881
129,N,G,0.2292,2875
130,Y,S,0.1762,2872
131,Y,Y,0.3057,2866
132,L,L,0.3651,2865
133,A,A,0.2425,2866
134,M,M,0.2590,2904
135,N,N,0.2138,2909
136,K,M,0.1826,2914
137,K,K,0.1881,2924
138,G,G,0.3620,2920
139,K,G,0.1937,2922
140,L,L,0.2844,2929
141,Y,Y,0.2669,2937
142,G,G,0.2607,2938
143,S,S,0.2430,2946
144,K,G,0.1653,2922
145,E,K,0.1314,2922
146,F,F,0.1478,2896
147,N,T,0.1458,2908
148,N,F,0.1097,2899
149,D,D,0.1935,2889
150,C,C,0.2742,2885
151,K,E,0.1663,2880
152,L,F,0.2445,2875
153,K,K,0.2038,2875
154,E,E,0.3115,2876
155,R,R,0.2088,2869
156,I,E,0.2077,2865
157,E,E,0.2358,2862
158,E,E,0.4295,2859
159,N,E,0.2325,2852
160,G,N,0.1799,2851
161,Y,Y,0.2836,2853
162,N,N,0.3399,2851
163,T,T,0.2534,2849
164,Y,Y,0.3277,2841
165,A,Y,0.2459,2847
166,S,S,0.3055,2838
167,F,S,0.2370,2831
168,N,S,0.2186,2818
169,W,Y,0.1966,2777
170,Q,R,0.1634,2692
171,H,H,0.1798,2525
172,N,R,0.1137,2383
173,G,G,0.1830,2317
174,R,R,0.2123,2129
175,Q,G,0.1813,1958
176,M,M,0.1509,2107
177,Y,F,0.1556,2204
178,V,Y,0.1675,2370
179,A,Y,0.1682,2551
180,L,L,0.2825,2595
181,N,L,0.1866,2642
182,G,L,0.2647,2663
183,K,S,0.1843,2642
184,G,G,0.2290,2629
185,A,G,0.2011,2596
186,P,G,0.2452,2590
187,R,R,0.2154,2586
188,R,K,0.2001,2594
189,G,G,0.2094,2584
190,Q,G,0.2239,2573
191,K,G,0.2385,2558
192,T,T,0.1711,2537
193,R,R,0.3015,2537
194,R,R,0.2130,2545
195,K,K,0.1859,2534
196,N,G,0.1724,2552
197,T,Q,0.1531,2548
198,S,K,0.1754,2537
199,A,A,0.2020,2544
200,H,H,0.1561,2543
201,F,F,0.2338,2541
202,L,F,0.2168,2523
203,P,F,0.2394,2502
204,M,L,0.2346,2489
205,V,P,0.2432,2418
206,V,R,0.2293,2211
207,H,P,0.1675,1725
208,S,L,0.2664,1329
